site,depth
1,78.66666667
2,77.16666667
3,43.33333333
4,106
5,84.33333333
6,82
7,49.83333333
8,47
9,32.16666667
10,68.66666667
11,122
12,130.3333333