site,proportion_dev
1,0.271689498
2,0.080482897
3,0.059196617
4,0.272563177
5,0.423326134
6,0.00845666
7,0.15
8,0.107142857
9,0
10,0
11,0
12,0